stat,var_dv,var_id,var_within,effect,ss,df_num,ss_error,df_den,f,p_value
aov_rm_one_within,lick_proportion,subject,solution,intercept,39.97707429499074,1,0.5113678025149453,10,781.7675281545003,7.95078955365106e-11
aov_rm_one_within,lick_proportion,subject,solution,solution,0.026230633659925257,4,0.11431281773716254,40,2.2946362603218207,0.0759974969412886
